
-- insert tb_user table
INSERT INTO test.TB_USER (user_id,user_nm,join_date) VALUES ('koj','권오준',CURRENT_TIMESTAMP());
INSERT INTO `test`.`TB_USER` (`user_id`,`user_nm`,`join_date`) VALUES ('bys','배영수',CURRENT_TIMESTAMP());
INSERT INTO `test`.`TB_USER` (`user_id`,`user_nm`,`join_date`) VALUES ('khk','김희걸',CURRENT_TIMESTAMP());
INSERT INTO `test`.`TB_USER` (`user_id`,`user_nm`,`join_date`) VALUES ('ysh','윤성환',CURRENT_TIMESTAMP());
INSERT INTO `test`.`TB_USER` (`user_id`,`user_nm`,`join_date`) VALUES ('osh','오승환',CURRENT_TIMESTAMP());
INSERT INTO `test`.`TB_USER` (`user_id`,`user_nm`,`join_date`) VALUES ('kh','권혁',CURRENT_TIMESTAMP());
INSERT INTO `test`.`TB_USER` (`user_id`,`user_nm`,`join_date`) VALUES ('ajm','안지만',CURRENT_TIMESTAMP());
INSERT INTO `test`.`TB_USER` (`user_id`,`user_nm`,`join_date`) VALUES ('syw','신용운',CURRENT_TIMESTAMP());
INSERT INTO `test`.`TB_USER` (`user_id`,`user_nm`,`join_date`) VALUES ('lws','이우선',CURRENT_TIMESTAMP());
INSERT INTO `test`.`TB_USER` (`user_id`,`user_nm`,`join_date`) VALUES ('ldg','이동걸',CURRENT_TIMESTAMP());
INSERT INTO `test`.`TB_USER` (`user_id`,`user_nm`,`join_date`) VALUES ('yjh','양지훈',CURRENT_TIMESTAMP());
INSERT INTO `test`.`TB_USER` (`user_id`,`user_nm`,`join_date`) VALUES ('cwc','차우찬',CURRENT_TIMESTAMP());
INSERT INTO `test`.`TB_USER` (`user_id`,`user_nm`,`join_date`) VALUES ('bjh','백정현',CURRENT_TIMESTAMP());
INSERT INTO `test`.`TB_USER` (`user_id`,`user_nm`,`join_date`) VALUES ('kkt','김기태',CURRENT_TIMESTAMP());
INSERT INTO `test`.`TB_USER` (`user_id`,`user_nm`,`join_date`) VALUES ('kkp','김건필',CURRENT_TIMESTAMP());
INSERT INTO `test`.`TB_USER` (`user_id`,`user_nm`,`join_date`) VALUES ('cwj','최원제',CURRENT_TIMESTAMP());
INSERT INTO `test`.`TB_USER` (`user_id`,`user_nm`,`join_date`) VALUES ('jhw','김현우',CURRENT_TIMESTAMP());
INSERT INTO `test`.`TB_USER` (`user_id`,`user_nm`,`join_date`) VALUES ('hhy','홍효의',CURRENT_TIMESTAMP());
INSERT INTO `test`.`TB_USER` (`user_id`,`user_nm`,`join_date`) VALUES ('scm','심창민',CURRENT_TIMESTAMP());
INSERT INTO `test`.`TB_USER` (`user_id`,`user_nm`,`join_date`) VALUES ('lhd','이현동',CURRENT_TIMESTAMP());
INSERT INTO `test`.`TB_USER` (`user_id`,`user_nm`,`join_date`) VALUES ('lsw','이승우',CURRENT_TIMESTAMP());
INSERT INTO `test`.`TB_USER` (`user_id`,`user_nm`,`join_date`) VALUES ('jhk','조현근',CURRENT_TIMESTAMP());
INSERT INTO `test`.`TB_USER` (`user_id`,`user_nm`,`join_date`) VALUES ('pkh','박근홍',CURRENT_TIMESTAMP());
INSERT INTO `test`.`TB_USER` (`user_id`,`user_nm`,`join_date`) VALUES ('njy','노진용',CURRENT_TIMESTAMP());
INSERT INTO `test`.`TB_USER` (`user_id`,`user_nm`,`join_date`) VALUES ('dyj','두영진',CURRENT_TIMESTAMP());
INSERT INTO `test`.`TB_USER` (`user_id`,`user_nm`,`join_date`) VALUES ('vdhk','밴덴헐크',CURRENT_TIMESTAMP());
INSERT INTO `test`.`TB_USER` (`user_id`,`user_nm`,`join_date`) VALUES ('rod','로드리게스',CURRENT_TIMESTAMP());


INSERT INTO `test`.`TB_USER` (`user_id`,`user_nm`,`join_date`) VALUES ('jgy','진갑용',CURRENT_TIMESTAMP());
INSERT INTO `test`.`TB_USER` (`user_id`,`user_nm`,`join_date`) VALUES ('csb','채상병',CURRENT_TIMESTAMP());
INSERT INTO `test`.`TB_USER` (`user_id`,`user_nm`,`join_date`) VALUES ('ljs','이정식',CURRENT_TIMESTAMP());





-- insert tb_attr_elem_map table
INSERT INTO `test`.`TB_ATTR_ELEM_MAP` (`attr_id`,`attr_elem_id`,`cat_id`,`user_id`,`user_name`,`attr_elem_map_name`,`create_date`,`create_user_id`,`create_user_name`) VALUES (1,1,6,'ajm','안지만','right',CURRENT_TIMESTAMP(),'jwlee0208','Paul');
INSERT INTO `test`.`TB_ATTR_ELEM_MAP` (`attr_id`,`attr_elem_id`,`cat_id`,`user_id`,`user_name`,`attr_elem_map_name`,`create_date`,`create_user_id`,`create_user_name`) VALUES (2,4,6,'ajm','안지만','overhand',CURRENT_TIMESTAMP(),'jwlee0208','Paul');
INSERT INTO `test`.`TB_ATTR_ELEM_MAP` (`attr_id`,`attr_elem_id`,`cat_id`,`user_id`,`user_name`,`attr_elem_map_name`,`create_date`,`create_user_id`,`create_user_name`) VALUES (3,8,6,'ajm','안지만','right',CURRENT_TIMESTAMP(),'jwlee0208','Paul');

INSERT INTO `test`.`TB_ATTR_ELEM_MAP` (`attr_id`,`attr_elem_id`,`cat_id`,`user_id`,`user_name`,`attr_elem_map_name`,`create_date`,`create_user_id`,`create_user_name`) VALUES (1,1,6,'bys','배영수','right',CURRENT_TIMESTAMP(),'jwlee0208','Paul');
INSERT INTO `test`.`TB_ATTR_ELEM_MAP` (`attr_id`,`attr_elem_id`,`cat_id`,`user_id`,`user_name`,`attr_elem_map_name`,`create_date`,`create_user_id`,`create_user_name`) VALUES (2,4,6,'bys','배영수','overhand',CURRENT_TIMESTAMP(),'jwlee0208','Paul');
INSERT INTO `test`.`TB_ATTR_ELEM_MAP` (`attr_id`,`attr_elem_id`,`cat_id`,`user_id`,`user_name`,`attr_elem_map_name`,`create_date`,`create_user_id`,`create_user_name`) VALUES (3,8,6,'bys','배영수','right',CURRENT_TIMESTAMP(),'jwlee0208','Paul');

INSERT INTO `test`.`TB_ATTR_ELEM_MAP` (`attr_id`,`attr_elem_id`,`cat_id`,`user_id`,`user_name`,`attr_elem_map_name`,`create_date`,`create_user_id`,`create_user_name`) VALUES (1,1,6,'khk','김희걸','right',CURRENT_TIMESTAMP(),'jwlee0208','Paul');
INSERT INTO `test`.`TB_ATTR_ELEM_MAP` (`attr_id`,`attr_elem_id`,`cat_id`,`user_id`,`user_name`,`attr_elem_map_name`,`create_date`,`create_user_id`,`create_user_name`) VALUES (2,4,6,'khk','김희걸','overhand',CURRENT_TIMESTAMP(),'jwlee0208','Paul');
INSERT INTO `test`.`TB_ATTR_ELEM_MAP` (`attr_id`,`attr_elem_id`,`cat_id`,`user_id`,`user_name`,`attr_elem_map_name`,`create_date`,`create_user_id`,`create_user_name`) VALUES (3,8,6,'khk','김희걸','right',CURRENT_TIMESTAMP(),'jwlee0208','Paul');

INSERT INTO `test`.`TB_ATTR_ELEM_MAP` (`attr_id`,`attr_elem_id`,`cat_id`,`user_id`,`user_name`,`attr_elem_map_name`,`create_date`,`create_user_id`,`create_user_name`) VALUES (1,1,6,'ysh','윤성환','right',CURRENT_TIMESTAMP(),'jwlee0208','Paul');
INSERT INTO `test`.`TB_ATTR_ELEM_MAP` (`attr_id`,`attr_elem_id`,`cat_id`,`user_id`,`user_name`,`attr_elem_map_name`,`create_date`,`create_user_id`,`create_user_name`) VALUES (2,4,6,'ysh','윤성환','overhand',CURRENT_TIMESTAMP(),'jwlee0208','Paul');
INSERT INTO `test`.`TB_ATTR_ELEM_MAP` (`attr_id`,`attr_elem_id`,`cat_id`,`user_id`,`user_name`,`attr_elem_map_name`,`create_date`,`create_user_id`,`create_user_name`) VALUES (3,8,6,'ysh','윤성환','right',CURRENT_TIMESTAMP(),'jwlee0208','Paul');

INSERT INTO `test`.`TB_ATTR_ELEM_MAP` (`attr_id`,`attr_elem_id`,`cat_id`,`user_id`,`user_name`,`attr_elem_map_name`,`create_date`,`create_user_id`,`create_user_name`) VALUES (1,1,6,'osh','오승환','right',CURRENT_TIMESTAMP(),'jwlee0208','Paul');
INSERT INTO `test`.`TB_ATTR_ELEM_MAP` (`attr_id`,`attr_elem_id`,`cat_id`,`user_id`,`user_name`,`attr_elem_map_name`,`create_date`,`create_user_id`,`create_user_name`) VALUES (2,4,6,'osh','오승환','overhand',CURRENT_TIMESTAMP(),'jwlee0208','Paul');
INSERT INTO `test`.`TB_ATTR_ELEM_MAP` (`attr_id`,`attr_elem_id`,`cat_id`,`user_id`,`user_name`,`attr_elem_map_name`,`create_date`,`create_user_id`,`create_user_name`) VALUES (3,8,6,'osh','오승환','right',CURRENT_TIMESTAMP(),'jwlee0208','Paul');

INSERT INTO `test`.`TB_ATTR_ELEM_MAP` (`attr_id`,`attr_elem_id`,`cat_id`,`user_id`,`user_name`,`attr_elem_map_name`,`create_date`,`create_user_id`,`create_user_name`) VALUES (1,2,6,'kh','권혁','right',CURRENT_TIMESTAMP(),'jwlee0208','Paul');
INSERT INTO `test`.`TB_ATTR_ELEM_MAP` (`attr_id`,`attr_elem_id`,`cat_id`,`user_id`,`user_name`,`attr_elem_map_name`,`create_date`,`create_user_id`,`create_user_name`) VALUES (2,4,6,'kh','권혁','overhand',CURRENT_TIMESTAMP(),'jwlee0208','Paul');
INSERT INTO `test`.`TB_ATTR_ELEM_MAP` (`attr_id`,`attr_elem_id`,`cat_id`,`user_id`,`user_name`,`attr_elem_map_name`,`create_date`,`create_user_id`,`create_user_name`) VALUES (3,9,6,'kh','권혁','right',CURRENT_TIMESTAMP(),'jwlee0208','Paul');

INSERT INTO `test`.`TB_ATTR_ELEM_MAP` (`attr_id`,`attr_elem_id`,`cat_id`,`user_id`,`user_name`,`attr_elem_map_name`,`create_date`,`create_user_id`,`create_user_name`) VALUES (1,1,6,'syw','신용운','sidearm',CURRENT_TIMESTAMP(),'jwlee0208','Paul');
INSERT INTO `test`.`TB_ATTR_ELEM_MAP` (`attr_id`,`attr_elem_id`,`cat_id`,`user_id`,`user_name`,`attr_elem_map_name`,`create_date`,`create_user_id`,`create_user_name`) VALUES (2,6,6,'syw','신용운','overhand',CURRENT_TIMESTAMP(),'jwlee0208','Paul');
INSERT INTO `test`.`TB_ATTR_ELEM_MAP` (`attr_id`,`attr_elem_id`,`cat_id`,`user_id`,`user_name`,`attr_elem_map_name`,`create_date`,`create_user_id`,`create_user_name`) VALUES (3,8,6,'syw','신용운','right',CURRENT_TIMESTAMP(),'jwlee0208','Paul');

INSERT INTO `test`.`TB_ATTR_ELEM_MAP` (`attr_id`,`attr_elem_id`,`cat_id`,`user_id`,`user_name`,`attr_elem_map_name`,`create_date`,`create_user_id`,`create_user_name`) VALUES (1,2,6,'ajm','안지만','right',CURRENT_TIMESTAMP(),'jwlee0208','Paul');
INSERT INTO `test`.`TB_ATTR_ELEM_MAP` (`attr_id`,`attr_elem_id`,`cat_id`,`user_id`,`user_name`,`attr_elem_map_name`,`create_date`,`create_user_id`,`create_user_name`) VALUES (2,4,6,'ajm','안지만','overhand',CURRENT_TIMESTAMP(),'jwlee0208','Paul');
INSERT INTO `test`.`TB_ATTR_ELEM_MAP` (`attr_id`,`attr_elem_id`,`cat_id`,`user_id`,`user_name`,`attr_elem_map_name`,`create_date`,`create_user_id`,`create_user_name`) VALUES (3,9,6,'ajm','안지만','right',CURRENT_TIMESTAMP(),'jwlee0208','Paul');


INSERT INTO `test`.`TB_ATTR_ELEM_MAP` (`attr_id`,`attr_elem_id`,`cat_id`,`user_id`,`user_name`,`attr_elem_map_name`,`create_date`,`create_user_id`,`create_user_name`) VALUES (4,10,7,'jgy','진갑용','CC',CURRENT_TIMESTAMP(),'jwlee0208','Paul');
INSERT INTO `test`.`TB_ATTR_ELEM_MAP` (`attr_id`,`attr_elem_id`,`cat_id`,`user_id`,`user_name`,`attr_elem_map_name`,`create_date`,`create_user_id`,`create_user_name`) VALUES (4,10,7,'csb','채상병','CC',CURRENT_TIMESTAMP(),'jwlee0208','Paul');
INSERT INTO `test`.`TB_ATTR_ELEM_MAP` (`attr_id`,`attr_elem_id`,`cat_id`,`user_id`,`user_name`,`attr_elem_map_name`,`create_date`,`create_user_id`,`create_user_name`) VALUES (4,10,7,'ljs','이정식','CC',CURRENT_TIMESTAMP(),'jwlee0208','Paul');


INSERT INTO `test`.`TB_ATTR_ELEM_MAP` (`attr_id`,`attr_elem_id`,`cat_id`,`user_id`,`user_name`,`attr_elem_map_name`,`create_date`,`create_user_id`,`create_user_name`) VALUES (5,19,7,'jgy','진갑용','right',CURRENT_TIMESTAMP(),'jwlee0208','Paul');
INSERT INTO `test`.`TB_ATTR_ELEM_MAP` (`attr_id`,`attr_elem_id`,`cat_id`,`user_id`,`user_name`,`attr_elem_map_name`,`create_date`,`create_user_id`,`create_user_name`) VALUES (5,19,7,'csb','채상병','right',CURRENT_TIMESTAMP(),'jwlee0208','Paul');
INSERT INTO `test`.`TB_ATTR_ELEM_MAP` (`attr_id`,`attr_elem_id`,`cat_id`,`user_id`,`user_name`,`attr_elem_map_name`,`create_date`,`create_user_id`,`create_user_name`) VALUES (5,19,7,'ljs','이정식','right',CURRENT_TIMESTAMP(),'jwlee0208','Paul');

INSERT INTO `test`.`TB_ATTR_ELEM_MAP` (`attr_id`,`attr_elem_id`,`cat_id`,`user_id`,`user_name`,`attr_elem_map_name`,`create_date`,`create_user_id`,`create_user_name`) VALUES (6,22,7,'jgy','진갑용','right',CURRENT_TIMESTAMP(),'jwlee0208','Paul');
INSERT INTO `test`.`TB_ATTR_ELEM_MAP` (`attr_id`,`attr_elem_id`,`cat_id`,`user_id`,`user_name`,`attr_elem_map_name`,`create_date`,`create_user_id`,`create_user_name`) VALUES (6,22,7,'csb','채상병','right',CURRENT_TIMESTAMP(),'jwlee0208','Paul');
INSERT INTO `test`.`TB_ATTR_ELEM_MAP` (`attr_id`,`attr_elem_id`,`cat_id`,`user_id`,`user_name`,`attr_elem_map_name`,`create_date`,`create_user_id`,`create_user_name`) VALUES (6,22,7,'ljs','이정식','right',CURRENT_TIMESTAMP(),'jwlee0208','Paul');





-- insert tb_player_info table
INSERT INTO `test`.`TB_PLAYER_INFO` (`user_id`,`cat_id1`,`cat_id2`) VALUES ('ajm', (select parent_cat_id from tb_category where cat_id = (select cat_id from tb_attr_elem_map where user_id = 'ajm' limit 1))   , (select cat_id from tb_attr_elem_map where user_id = 'ajm' limit 1) );
INSERT INTO `test`.`TB_PLAYER_INFO` (`user_id`,`cat_id1`,`cat_id2`) VALUES ('bys', (select parent_cat_id from tb_category where cat_id = (select cat_id from tb_attr_elem_map where user_id = 'bys' limit 1))   , (select cat_id from tb_attr_elem_map where user_id = 'bys' limit 1) );
INSERT INTO `test`.`TB_PLAYER_INFO` (`user_id`,`cat_id1`,`cat_id2`) VALUES ('khk', (select parent_cat_id from tb_category where cat_id = (select cat_id from tb_attr_elem_map where user_id = 'khk' limit 1))   , (select cat_id from tb_attr_elem_map where user_id = 'khk' limit 1) );
INSERT INTO `test`.`TB_PLAYER_INFO` (`user_id`,`cat_id1`,`cat_id2`) VALUES ('ysh', (select parent_cat_id from tb_category where cat_id = (select cat_id from tb_attr_elem_map where user_id = 'ysh' limit 1))   , (select cat_id from tb_attr_elem_map where user_id = 'ysh' limit 1) );
INSERT INTO `test`.`TB_PLAYER_INFO` (`user_id`,`cat_id1`,`cat_id2`) VALUES ('osh', (select parent_cat_id from tb_category where cat_id = (select cat_id from tb_attr_elem_map where user_id = 'osh' limit 1))   , (select cat_id from tb_attr_elem_map where user_id = 'osh' limit 1) );
INSERT INTO `test`.`TB_PLAYER_INFO` (`user_id`,`cat_id1`,`cat_id2`) VALUES ('kh', (select parent_cat_id from tb_category where cat_id = (select cat_id from tb_attr_elem_map where user_id = 'kh' limit 1))   , (select cat_id from tb_attr_elem_map where user_id = 'kh' limit 1) );
INSERT INTO `test`.`TB_PLAYER_INFO` (`user_id`,`cat_id1`,`cat_id2`) VALUES ('syw', (select parent_cat_id from tb_category where cat_id = (select cat_id from tb_attr_elem_map where user_id = 'syw' limit 1))   , (select cat_id from tb_attr_elem_map where user_id = 'syw' limit 1) );


INSERT INTO `test`.`TB_PLAYER_INFO` (`user_id`,`cat_id1`,`cat_id2`) VALUES ('jgy', (select parent_cat_id from tb_category where cat_id = (select cat_id from tb_attr_elem_map where user_id = 'jgy' limit 1))   , (select cat_id from tb_attr_elem_map where user_id = 'jgy' limit 1) );
INSERT INTO `test`.`TB_PLAYER_INFO` (`user_id`,`cat_id1`,`cat_id2`) VALUES ('csb', (select parent_cat_id from tb_category where cat_id = (select cat_id from tb_attr_elem_map where user_id = 'csb' limit 1))   , (select cat_id from tb_attr_elem_map where user_id = 'csb' limit 1) );
INSERT INTO `test`.`TB_PLAYER_INFO` (`user_id`,`cat_id1`,`cat_id2`) VALUES ('ljs', (select parent_cat_id from tb_category where cat_id = (select cat_id from tb_attr_elem_map where user_id = 'ljs' limit 1))   , (select cat_id from tb_attr_elem_map where user_id = 'ljs' limit 1) );

-- insert tb_code table
insert into TB_CODE (code_name, code_value, code_type) values('AFGHANISTAN(아프가니스탄)',	'AF',	'01');
insert into TB_CODE (code_name, code_value, code_type) values('ALBANIA(알바니아)',	'AL',	'01');
insert into TB_CODE (code_name, code_value, code_type) values('ALGERIA(알제리)',	'DZ',	'01');
insert into TB_CODE (code_name, code_value, code_type) values('AMERICAN SAMOA(미국령 사모아)',	'AS',	'01');
insert into TB_CODE (code_name, code_value, code_type) values('ANDORRA(안도라)',	'AD',	'01');
insert into TB_CODE (code_name, code_value, code_type) values('ANGOLA(앙골라)',	'AO',	'01');
insert into TB_CODE (code_name, code_value, code_type) values('ANGUILLA(안길라)',	'AI',	'01');
insert into TB_CODE (code_name, code_value, code_type) values('ANTARCTICA(남극)',	'AQ',	'01');
insert into TB_CODE (code_name, code_value, code_type) values('ANTIGUA AND BARBUDA(안티구아 바부다)',	'AG',	'01');
insert into TB_CODE (code_name, code_value, code_type) values('ARGENTINA(아르헨티나)',	'AR',	'01');
insert into TB_CODE (code_name, code_value, code_type) values('ARMENIA(아르메니아)',	'AM',	'01');
insert into TB_CODE (code_name, code_value, code_type) values('ARUBA(아루바)',	'AW',	'01');
insert into TB_CODE (code_name, code_value, code_type) values('AUSTRALIA(오스트레일리아)',	'AU',	'01');
insert into TB_CODE (code_name, code_value, code_type) values('AUSTRIA(오스트리아)',	'AT',	'01');
insert into TB_CODE (code_name, code_value, code_type) values('AZERBAIJAN(아제르바이잔)',	'AZ',	'01');
insert into TB_CODE (code_name, code_value, code_type) values('BAHAMAS(바하마)',	'BS',	'01');
insert into TB_CODE (code_name, code_value, code_type) values('BAHRAIN(바레인)',	'BH',	'01');
insert into TB_CODE (code_name, code_value, code_type) values('BANGLADESH(방글라데시)',	'BD',	'01');
insert into TB_CODE (code_name, code_value, code_type) values('BARBADOS(바베이도스)',	'BB',	'01');
insert into TB_CODE (code_name, code_value, code_type) values('BELGIUM(벨기에)',	'BE',	'01');
insert into TB_CODE (code_name, code_value, code_type) values('BELIZE(벨리즈)',	'BZ',	'01');
insert into TB_CODE (code_name, code_value, code_type) values('BENIN(베넹)',	'BJ',	'01');
insert into TB_CODE (code_name, code_value, code_type) values('BERMUDA(버뮤다)',	'BM',	'01');
insert into TB_CODE (code_name, code_value, code_type) values('BHUTAN(부탄)',	'BT',	'01');
insert into TB_CODE (code_name, code_value, code_type) values('BOLIVIA(볼리비아)',	'BO',	'01');
insert into TB_CODE (code_name, code_value, code_type) values('BOSNIA HERCEGOVINA(보스니아 헤르체고비나)',	'BA',	'01');
insert into TB_CODE (code_name, code_value, code_type) values('BOTSWANA(보트와나)',	'BW',	'01');
insert into TB_CODE (code_name, code_value, code_type) values('BOUVET ISLAND(부베이 섬)',	'BV',	'01');
insert into TB_CODE (code_name, code_value, code_type) values('BRAZIL(브라질)',	'BR',	'01');
insert into TB_CODE (code_name, code_value, code_type) values('BRITISH INDIAN OCEAN TERRITORY(영인도 제도)',	'IO',	'01');
insert into TB_CODE (code_name, code_value, code_type) values('BRUNEI DARUSSALAM(브루나이)',	'BN',	'01');
insert into TB_CODE (code_name, code_value, code_type) values('BULGARIA(불가리아)',	'BG',	'01');
insert into TB_CODE (code_name, code_value, code_type) values('BURKINA FASO(부르키나파소)',	'BF',	'01');
insert into TB_CODE (code_name, code_value, code_type) values('BURUNDI(브룬디)',	'BI',	'01');
insert into TB_CODE (code_name, code_value, code_type) values('BELARUS(벨라루스)',	'BY',	'01');
insert into TB_CODE (code_name, code_value, code_type) values('CAMBODIA(캄보디아)',	'KH',	'01');
insert into TB_CODE (code_name, code_value, code_type) values('CAMEROON(카메룬)',	'CM',	'01');
insert into TB_CODE (code_name, code_value, code_type) values('CANADA(캐나다)',	'CA',	'01');
insert into TB_CODE (code_name, code_value, code_type) values('CAPE VERDE(까뽀베르데)',	'CV',	'01');
insert into TB_CODE (code_name, code_value, code_type) values('CAYMAN ISLANDS(카이만 군도)',	'KY',	'01');
insert into TB_CODE (code_name, code_value, code_type) values('CENTRAL AFRICAN REPUBLIC(중앙 아프리카)',	'CF',	'01');
insert into TB_CODE (code_name, code_value, code_type) values('CHAD(차드)',	'TD',	'01');
insert into TB_CODE (code_name, code_value, code_type) values('CHILE(칠레)',	'CL',	'01');
insert into TB_CODE (code_name, code_value, code_type) values('CHINA(중국)',	'CN',	'01');
insert into TB_CODE (code_name, code_value, code_type) values('CHRISTMAS ISLAND(크리스마스 섬)',	'CX',	'01');
insert into TB_CODE (code_name, code_value, code_type) values('COCOS (KEELING) ISLANDS(코코스킬링 제도)',	'CC',	'01');
insert into TB_CODE (code_name, code_value, code_type) values('COLOMBIA(콜롬비아)',	'CO',	'01');
insert into TB_CODE (code_name, code_value, code_type) values('COMOROS(코모르)',	'KM',	'01');
insert into TB_CODE (code_name, code_value, code_type) values('CONGO(콩고)',	'CG',	'01');
insert into TB_CODE (code_name, code_value, code_type) values('COOK ISLANDS(쿠크 군도)',	'CK',	'01');
insert into TB_CODE (code_name, code_value, code_type) values('COSTA RICA(코스타리카)',	'CR',	'01');
insert into TB_CODE (code_name, code_value, code_type) values('COTE DIVOIRE(코트디부와르)',	'CI',	'01');
insert into TB_CODE (code_name, code_value, code_type) values('CROATIA(크로아티아)',	'HR',	'01');
insert into TB_CODE (code_name, code_value, code_type) values('CUBA(쿠바)',	'CU',	'01');
insert into TB_CODE (code_name, code_value, code_type) values('CYPRUS(사이프러스)',	'CY',	'01');
insert into TB_CODE (code_name, code_value, code_type) values('CZECH REPUBLIC(체코)',	'CZ',	'01');
insert into TB_CODE (code_name, code_value, code_type) values('CZECHOSLOVAKIA(체코슬로바키아)',	'CS',	'01');
insert into TB_CODE (code_name, code_value, code_type) values('DENMARK(덴마크)',	'DK',	'01');
insert into TB_CODE (code_name, code_value, code_type) values('DJIBOUTI(지부티)',	'DJ',	'01');
insert into TB_CODE (code_name, code_value, code_type) values('DOMINICA(도미니카)',	'DM',	'01');
insert into TB_CODE (code_name, code_value, code_type) values('DOMINICAN REPUBLIC(도미니카 공화국)',	'DO',	'01');
insert into TB_CODE (code_name, code_value, code_type) values('EAST TIMOR(동티모르)',	'TP',	'01');
insert into TB_CODE (code_name, code_value, code_type) values('ECUADOR(에쿠아도르)',	'EC',	'01');
insert into TB_CODE (code_name, code_value, code_type) values('EGYPT(이집트)',	'EG',	'01');
insert into TB_CODE (code_name, code_value, code_type) values('EL SALVADOR(엘살바도르)',	'SV',	'01');
insert into TB_CODE (code_name, code_value, code_type) values('EQUATORIAL GUINEA(적도 기니)',	'GQ',	'01');
insert into TB_CODE (code_name, code_value, code_type) values('ESTONIA(에스토니아)',	'EE',	'01');
insert into TB_CODE (code_name, code_value, code_type) values('ETHIOPIA(이디오피아)',	'ET',	'01');
insert into TB_CODE (code_name, code_value, code_type) values('FALKLAND ISLANDS (포클랜드)',	'FK',	'01');
insert into TB_CODE (code_name, code_value, code_type) values('FAROE ISLANDS(페로 군도)',	'FO',	'01');
insert into TB_CODE (code_name, code_value, code_type) values('FIJI(피지)',	'FJ',	'01');
insert into TB_CODE (code_name, code_value, code_type) values('FINLAND(핀란드)',	'FI',	'01');
insert into TB_CODE (code_name, code_value, code_type) values('FRANCE(프랑스)',	'FR',	'01');
insert into TB_CODE (code_name, code_value, code_type) values('FRENCH GUIANA(프랑스령 기아나)',	'GF',	'01');
insert into TB_CODE (code_name, code_value, code_type) values('FRENCH POLYNESIA(프랑스령 폴리네시아)',	'PF',	'01');
insert into TB_CODE (code_name, code_value, code_type) values('FRENCH SOUTHERN TERRITORIES(프랑스 남부 지역)',	'TF',	'01');
insert into TB_CODE (code_name, code_value, code_type) values('GABON(가봉)',	'GA',	'01');
insert into TB_CODE (code_name, code_value, code_type) values('GAMBIA(감비아)',	'GM',	'01');
insert into TB_CODE (code_name, code_value, code_type) values('GEORGIA(그루지야)',	'GE',	'01');
insert into TB_CODE (code_name, code_value, code_type) values('GERMANY(독일)',	'DE',	'01');
insert into TB_CODE (code_name, code_value, code_type) values('GHANA(가나)',	'GH',	'01');
insert into TB_CODE (code_name, code_value, code_type) values('GIBRALTAR(지브랄타)',	'GI',	'01');
insert into TB_CODE (code_name, code_value, code_type) values('GREECE(그리스)',	'GR',	'01');
insert into TB_CODE (code_name, code_value, code_type) values('GREENLAND(그린랜드)',	'GL',	'01');
insert into TB_CODE (code_name, code_value, code_type) values('GRENADA(그레나다)',	'GD',	'01');
insert into TB_CODE (code_name, code_value, code_type) values('GUADELOUPE(과달로프)',	'GP',	'01');
insert into TB_CODE (code_name, code_value, code_type) values('GUAM(괌)',	'GU',	'01');
insert into TB_CODE (code_name, code_value, code_type) values('GUATEMALA(과테말라)',	'GT',	'01');
insert into TB_CODE (code_name, code_value, code_type) values('GUINEA(기니)',	'GN',	'01');
insert into TB_CODE (code_name, code_value, code_type) values('GUINEA-BISSAU(기네비쏘)',	'GW',	'01');
insert into TB_CODE (code_name, code_value, code_type) values('GUYANA(가이아나)',	'GY',	'01');
insert into TB_CODE (code_name, code_value, code_type) values('HAITI(아이티)',	'HT',	'01');
insert into TB_CODE (code_name, code_value, code_type) values('HEARD AND MC DONALD ISLANDS(허드 섬 및 맥도날드 군도)',	'HM',	'01');
insert into TB_CODE (code_name, code_value, code_type) values('HONDURAS(온두라스)',	'HN',	'01');
insert into TB_CODE (code_name, code_value, code_type) values('HONG KONG(홍콩)',	'HK',	'01');
insert into TB_CODE (code_name, code_value, code_type) values('HUNGARY(헝가리)',	'HU',	'01');
insert into TB_CODE (code_name, code_value, code_type) values('ICELAND(아이슬랜드)',	'IS',	'01');
insert into TB_CODE (code_name, code_value, code_type) values('INDIA(인도)',	'IN',	'01');
insert into TB_CODE (code_name, code_value, code_type) values('INDONESIA(인도네시아)',	'ID',	'01');
insert into TB_CODE (code_name, code_value, code_type) values('IRAN (ISLAMIC REPUBLIC OF) - 이란(이슬람 공화국)',	'IR',	'01');
insert into TB_CODE (code_name, code_value, code_type) values('IRAQ(이라크)',	'IQ',	'01');
insert into TB_CODE (code_name, code_value, code_type) values('IRELAND(아일랜드)',	'IE',	'01');
insert into TB_CODE (code_name, code_value, code_type) values('ISRAEL(이스라엘)',	'IL',	'01');
insert into TB_CODE (code_name, code_value, code_type) values('ITALY(이탈리아)',	'IT',	'01');
insert into TB_CODE (code_name, code_value, code_type) values('JAMAICA(자메이카)',	'JM',	'01');
insert into TB_CODE (code_name, code_value, code_type) values('JAPAN(일본)',	'JP',	'01');
insert into TB_CODE (code_name, code_value, code_type) values('JORDAN(요르단)',	'JO',	'01');
insert into TB_CODE (code_name, code_value, code_type) values('KAZAKHSTAN(카자흐스탄)',	'KZ',	'01');
insert into TB_CODE (code_name, code_value, code_type) values('KENYA(케냐)',	'KE',	'01');
insert into TB_CODE (code_name, code_value, code_type) values('KIRIBATI(키리바시)',	'KI',	'01');
insert into TB_CODE (code_name, code_value, code_type) values('NORTH KOREA - 북한',	'KP',	'01');
insert into TB_CODE (code_name, code_value, code_type) values('SOUTH KOREA - 대한민국',	'KR',	'01');
insert into TB_CODE (code_name, code_value, code_type) values('KUWAIT(쿠웨이트)',	'KW',	'01');
insert into TB_CODE (code_name, code_value, code_type) values('KYRGYZSTAN(키르기스스탄)',	'KG',	'01');
insert into TB_CODE (code_name, code_value, code_type) values('LAO PEOPLES DEMOCRATIC REPUBLIC(라오스)',	'LA',	'01');
insert into TB_CODE (code_name, code_value, code_type) values('LATVIA(라트비아)',	'LV',	'01');
insert into TB_CODE (code_name, code_value, code_type) values('LEBANON(레바논)',	'LB',	'01');
insert into TB_CODE (code_name, code_value, code_type) values('LESOTHO(레소토)',	'LS',	'01');
insert into TB_CODE (code_name, code_value, code_type) values('LIBERIA(리베리아)',	'LR',	'01');
insert into TB_CODE (code_name, code_value, code_type) values('LIBYAN ARAB JAMAHIRIYA(리비아)',	'LY',	'01');
insert into TB_CODE (code_name, code_value, code_type) values('LIECHTENSTEIN(리히텐슈타인)','LI','01');
insert into TB_CODE (code_name, code_value, code_type) values('LITHUANIA(리투아니아)',	'LT',	'01');
insert into TB_CODE (code_name, code_value, code_type) values('LUXEMBOURG(룩셈부르크)',	'LU',	'01');
insert into TB_CODE (code_name, code_value, code_type) values('MACAU(마카오)',	'MO',	'01');
insert into TB_CODE (code_name, code_value, code_type) values('MADAGASCAR(마다가스카르)',	'MG',	'01');
insert into TB_CODE (code_name, code_value, code_type) values('MALAWI(말라위)',	'MW',	'01');
insert into TB_CODE (code_name, code_value, code_type) values('MALAYSIA(말레이지아)',	'MY',	'01');
insert into TB_CODE (code_name, code_value, code_type) values('MALDIVES(몰디브)',	'MV',	'01');
insert into TB_CODE (code_name, code_value, code_type) values('MALI(말리)',	'ML',	'01');
insert into TB_CODE (code_name, code_value, code_type) values('MALTA(말타)',	'MT',	'01');
insert into TB_CODE (code_name, code_value, code_type) values('MARSHALL ISLANDS(마샬 군도)',	'MH',	'01');
insert into TB_CODE (code_name, code_value, code_type) values('MARTINIQUE(말티니크)',	'MQ',	'01');
insert into TB_CODE (code_name, code_value, code_type) values('MAURITANIA(말티니크)',	'MR',	'01');
insert into TB_CODE (code_name, code_value, code_type) values('MAURITIUS(모리셔스)',	'MU',	'01');
insert into TB_CODE (code_name, code_value, code_type) values('MEXICO(멕시코)',	'MX',	'01');
insert into TB_CODE (code_name, code_value, code_type) values('MICRONESIA(마이크로네시아)',	'FM',	'01');
insert into TB_CODE (code_name, code_value, code_type) values('MOLDOVA, REPUBLIC OF(몰도바)',	'MD',	'01');
insert into TB_CODE (code_name, code_value, code_type) values('MONACO(모나코)',	'MC',	'01');
insert into TB_CODE (code_name, code_value, code_type) values('MONGOLIA(몽골)',	'MN',	'01');
insert into TB_CODE (code_name, code_value, code_type) values('MONTSERRAT(몬트세라트)',	'MS',	'01');
insert into TB_CODE (code_name, code_value, code_type) values('MOROCCO(모로코)',	'MA',	'01');
insert into TB_CODE (code_name, code_value, code_type) values('MOZAMBIQUE(모잠비크)',	'MZ',	'01');
insert into TB_CODE (code_name, code_value, code_type) values('MYANMAR(미얀마)',	'MM',	'01');
insert into TB_CODE (code_name, code_value, code_type) values('NAMIBIA(나미비아)',	'NA',	'01');
insert into TB_CODE (code_name, code_value, code_type) values('NAURU(나우루)',	'NR',	'01');
insert into TB_CODE (code_name, code_value, code_type) values('NEPAL(네팔)',	'NP',	'01');
insert into TB_CODE (code_name, code_value, code_type) values('NETHERLANDS(네덜란드)',	'NL',	'01');
insert into TB_CODE (code_name, code_value, code_type) values('NETHERLANDS ANTILLES(네덜란드령 안틸레스)',	'AN',	'01');
insert into TB_CODE (code_name, code_value, code_type) values('NEUTRAL ZONE(중립 지대)',	'NT',	'01');
insert into TB_CODE (code_name, code_value, code_type) values('NEW CALEDONIA(뉴 칼레도니아)',	'NC',	'01');
insert into TB_CODE (code_name, code_value, code_type) values('NEW ZEALAND(뉴질랜드)',	'NZ',	'01');
insert into TB_CODE (code_name, code_value, code_type) values('NICARAGUA(니카라과)',	'NI',	'01');
insert into TB_CODE (code_name, code_value, code_type) values('NIGER(니제르)',	'NE',	'01');
insert into TB_CODE (code_name, code_value, code_type) values('NIGERIA(나이지리아)',	'NG',	'01');
insert into TB_CODE (code_name, code_value, code_type) values('NIUE(니우에)',	'NU',	'01');
insert into TB_CODE (code_name, code_value, code_type) values('NORFOLK ISLAND(노퍽)',	'NF',	'01');
insert into TB_CODE (code_name, code_value, code_type) values('NORTHERN MARIANA ISLANDS(북마리아나 군도)',	'MP',	'01');
insert into TB_CODE (code_name, code_value, code_type) values('NORWAY(노르웨이)',	'NO',	'01');
insert into TB_CODE (code_name, code_value, code_type) values('OMAN(오만)',	'OM',	'01');
insert into TB_CODE (code_name, code_value, code_type) values('PAKISTAN(파키스탄)',	'PK',	'01');
insert into TB_CODE (code_name, code_value, code_type) values('PALAU(팔라우)',	'PW',	'01');
insert into TB_CODE (code_name, code_value, code_type) values('PANAMA(파나마)',	'PA',	'01');
insert into TB_CODE (code_name, code_value, code_type) values('PAPUA NEW GUINEA(파푸아뉴기니)',	'PG',	'01');
insert into TB_CODE (code_name, code_value, code_type) values('PARAGUAY(파라과이)',	'PY',	'01');
insert into TB_CODE (code_name, code_value, code_type) values('PERU(페루)',	'PE',	'01');
insert into TB_CODE (code_name, code_value, code_type) values('PHILIPPINES(필리핀)',	'PH',	'01');
insert into TB_CODE (code_name, code_value, code_type) values('PITCAIRN(핏케언 군도)',	'PN',	'01');
insert into TB_CODE (code_name, code_value, code_type) values('POLAND(폴란드)',	'PL',	'01');
insert into TB_CODE (code_name, code_value, code_type) values('PORTUGAL(포르투갈)',	'PT',	'01');
insert into TB_CODE (code_name, code_value, code_type) values('PUERTO RICO(푸에르토리코)',	'PR',	'01');
insert into TB_CODE (code_name, code_value, code_type) values('QATAR(카타르)',	'QA',	'01');
insert into TB_CODE (code_name, code_value, code_type) values('REUNION(리유니언)',	'RE',	'01');
insert into TB_CODE (code_name, code_value, code_type) values('ROMANIA(루마니아)',	'RO',	'01');
insert into TB_CODE (code_name, code_value, code_type) values('RUSSIAN FEDERATION(러시아)',	'RU',	'01');
insert into TB_CODE (code_name, code_value, code_type) values('RWANDA(르완다)',	'RW',	'01');
insert into TB_CODE (code_name, code_value, code_type) values('ST. HELENA(세인트 헬레나)',	'SH',	'01');
insert into TB_CODE (code_name, code_value, code_type) values('SAINT KITTS AND NEVIS(세인트 크리스토퍼 니비스)',	'KN',	'01');
insert into TB_CODE (code_name, code_value, code_type) values('SAINT LUCIA(세인트 루시아)',	'LC',	'01');
insert into TB_CODE (code_name, code_value, code_type) values('ST. PIERRE AND MIQUELON(세인트 피에르 미퀠론)',	'PM',	'01');
insert into TB_CODE (code_name, code_value, code_type) values('SAINT VINCENT AND THE GRENADINES(세인트 빈센트 그레나딘스)',	'VC',	'01');
insert into TB_CODE (code_name, code_value, code_type) values('SAMOA(사모아)',	'WS',	'01');
insert into TB_CODE (code_name, code_value, code_type) values('SAN MARINO(산마리노)',	'SM',	'01');
insert into TB_CODE (code_name, code_value, code_type) values('SAO TOME AND PRINCIPE(쌍투메 프린시페)',	'ST',	'01');
insert into TB_CODE (code_name, code_value, code_type) values('SAUDI ARABIA(사우디아라비아)',	'SA',	'01');
insert into TB_CODE (code_name, code_value, code_type) values('SENEGAL(세네갈)',	'SN',	'01');
insert into TB_CODE (code_name, code_value, code_type) values('SEYCHELLES(세이셸)',	'SC',	'01');
insert into TB_CODE (code_name, code_value, code_type) values('SIERRA LEONE(시에라리온)',	'SL',	'01');
insert into TB_CODE (code_name, code_value, code_type) values('SINGAPORE(싱가포르)',	'SG',	'01');
insert into TB_CODE (code_name, code_value, code_type) values('SLOVAKIA(슬로바키아)',	'SK',	'01');
insert into TB_CODE (code_name, code_value, code_type) values('SLOVENIA(슬로베니아)',	'SI',	'01');
insert into TB_CODE (code_name, code_value, code_type) values('SOLOMON ISLANDS(솔로몬 군도)',	'SB',	'01');
insert into TB_CODE (code_name, code_value, code_type) values('SOMALIA(소말리아)',	'SO',	'01');
insert into TB_CODE (code_name, code_value, code_type) values('SOUTH AFRICA(남아프리카)',	'ZA',	'01');
insert into TB_CODE (code_name, code_value, code_type) values('SPAIN(스페인)',	'ES',	'01');
insert into TB_CODE (code_name, code_value, code_type) values('SRI LANKA(스리랑카)',	'LK',	'01');
insert into TB_CODE (code_name, code_value, code_type) values('SUDAN(수단)',	'SD',	'01');
insert into TB_CODE (code_name, code_value, code_type) values('SURINAME(수리남)',	'SR',	'01');
insert into TB_CODE (code_name, code_value, code_type) values('SVALBARD AND JAN MAYEN ISLANDS(스발바르드 얀마이엔 제도)',	'SJ',	'01');
insert into TB_CODE (code_name, code_value, code_type) values('SWAZILAND(스와질랜드)',	'SZ',	'01');
insert into TB_CODE (code_name, code_value, code_type) values('SWEDEN(스웨덴)',	'SE',	'01');
insert into TB_CODE (code_name, code_value, code_type) values('SWITZERLAND(스위스)',	'CH',	'01');
insert into TB_CODE (code_name, code_value, code_type) values('SYRIAN ARAB REPUBLIC(시리아)',	'SY',	'01');
insert into TB_CODE (code_name, code_value, code_type) values('TAIWAN, PROVINCE OF CHINA(대만)',	'TW',	'01');
insert into TB_CODE (code_name, code_value, code_type) values('TAJIKISTAN(타지키스탄)',	'TJ',	'01');
insert into TB_CODE (code_name, code_value, code_type) values('TANZANIA, UNITED REPUBLIC OF(탄자니아)',	'TZ',	'01');
insert into TB_CODE (code_name, code_value, code_type) values('THAILAND(태국)',	'TH',	'01');
insert into TB_CODE (code_name, code_value, code_type) values('TOGO(토고)',	'TG',	'01');
insert into TB_CODE (code_name, code_value, code_type) values('TOKELAU(토켈라우)',	'TK',	'01');
insert into TB_CODE (code_name, code_value, code_type) values('TONGA(통가)',	'TO',	'01');
insert into TB_CODE (code_name, code_value, code_type) values('TRINIDAD AND TOBAGO(트리니다드 토바고)',	'TT',	'01');
insert into TB_CODE (code_name, code_value, code_type) values('TUNISIA(튀니지)',	'TN',	'01');
insert into TB_CODE (code_name, code_value, code_type) values('TURKEY(터어키)',	'TR',	'01');
insert into TB_CODE (code_name, code_value, code_type) values('TURKMENISTAN(투르크메니스탄)',	'TM',	'01');
insert into TB_CODE (code_name, code_value, code_type) values('TURKS AND CAICOS ISLANDS(터크스 카이코스 제도)',	'TC',	'01');
insert into TB_CODE (code_name, code_value, code_type) values('TUVALU(투발루)',	'TV',	'01');
insert into TB_CODE (code_name, code_value, code_type) values('UGANDA(우간다)',	'UG',	'01');
insert into TB_CODE (code_name, code_value, code_type) values('UKRAINE(우크라이나)',	'UA',	'01');
insert into TB_CODE (code_name, code_value, code_type) values('UNITED ARAB EMIRATES(아랍에미리트)',	'AE',	'01');
insert into TB_CODE (code_name, code_value, code_type) values('UNITED KINGDOM(영국)',	'GB',	'01');
insert into TB_CODE (code_name, code_value, code_type) values('UNITED STATES(미국)',	'US',	'01');
insert into TB_CODE (code_name, code_value, code_type) values('UNITED STATES MINOR OUTLYING ISLANDS(미국령 소군도)',	'UM',	'01');
insert into TB_CODE (code_name, code_value, code_type) values('URUGUAY(우루과이)',	'UY',	'01');
insert into TB_CODE (code_name, code_value, code_type) values('USSR',	'SU',	'01');
insert into TB_CODE (code_name, code_value, code_type) values('UZBEKISTAN(우즈베키스탄)',	'UZ',	'01');
insert into TB_CODE (code_name, code_value, code_type) values('VANUATU(바누아투)',	'VU',	'01');
insert into TB_CODE (code_name, code_value, code_type) values('VATICAN CITY STATE (HOLY SEE)-바티칸',	'VA',	'01');
insert into TB_CODE (code_name, code_value, code_type) values('VENEZUELA(베네수엘라)',	'VE',	'01');
insert into TB_CODE (code_name, code_value, code_type) values('VIET NAM(베트남)',	'VN',	'01');
insert into TB_CODE (code_name, code_value, code_type) values('VIRGIN ISLANDS (BRITISH)-영국령 버진아일랜드',	'VG',	'01');
insert into TB_CODE (code_name, code_value, code_type) values('VIRGIN ISLANDS (U.S.)-미국령 버진아일랜드',	'VI',	'01');
insert into TB_CODE (code_name, code_value, code_type) values('WALLIS AND FUTUNA ISLANDS(월리스 후트나)',	'WF',	'01');
insert into TB_CODE (code_name, code_value, code_type) values('WESTERN SAHARA(사하라)',	'EH',	'01');
insert into TB_CODE (code_name, code_value, code_type) values('YEMEN, REPUBLIC OF(예멘)',	'YE',	'01');
insert into TB_CODE (code_name, code_value, code_type) values('YUGOSLAVIA(유고슬라비아)',	'YU',	'01');
insert into TB_CODE (code_name, code_value, code_type) values('ZAIRE(자이르)',	'ZR',	'01');
insert into TB_CODE (code_name, code_value, code_type) values('ZAMBIA(잠비아)',	'ZM',	'01');
insert into TB_CODE (code_name, code_value, code_type) values('ZIMBABWE(짐바브웨)',	'ZW',	'01');


INSERT INTO TB_CODE (code_name, code_value, code_type,  create_date) VALUES('Afar', 'AA', '02', now());
INSERT INTO TB_CODE (code_name, code_value, code_type,  create_date) VALUES('Abkhazian', 'AB', '02', now());
INSERT INTO TB_CODE (code_name, code_value, code_type,  create_date) VALUES('Afrikaans', 'AF', '02', now());
INSERT INTO TB_CODE (code_name, code_value, code_type,  create_date) VALUES('Amharic', 'AM', '02', now());
INSERT INTO TB_CODE (code_name, code_value, code_type,  create_date) VALUES('Arabic', 'AR', '02', now());
INSERT INTO TB_CODE (code_name, code_value, code_type,  create_date) VALUES('Assamese', 'AS', '02', now());
INSERT INTO TB_CODE (code_name, code_value, code_type,  create_date) VALUES('Aymara', 'AY', '02', now());
INSERT INTO TB_CODE (code_name, code_value, code_type,  create_date) VALUES('Azerbaijani', 'AZ', '02', now());
INSERT INTO TB_CODE (code_name, code_value, code_type,  create_date) VALUES('Bashkir', 'BA', '02', now());
INSERT INTO TB_CODE (code_name, code_value, code_type,  create_date) VALUES('Byelorussian', 'BE', '02', now());
INSERT INTO TB_CODE (code_name, code_value, code_type,  create_date) VALUES('Bulgarian', 'BG', '02', now());
INSERT INTO TB_CODE (code_name, code_value, code_type,  create_date) VALUES('Bihari', 'BH', '02', now());
INSERT INTO TB_CODE (code_name, code_value, code_type,  create_date) VALUES('Bislama', 'BI', '02', now());
INSERT INTO TB_CODE (code_name, code_value, code_type,  create_date) VALUES('Bengali, Bangla', 'BN', '02', now());
INSERT INTO TB_CODE (code_name, code_value, code_type,  create_date) VALUES('Tibetan', 'BO', '02', now());
INSERT INTO TB_CODE (code_name, code_value, code_type,  create_date) VALUES('Breton', 'BR', '02', now());
INSERT INTO TB_CODE (code_name, code_value, code_type,  create_date) VALUES('Catalan', 'CA', '02', now());
INSERT INTO TB_CODE (code_name, code_value, code_type,  create_date) VALUES('Corsican', 'CO', '02', now());
INSERT INTO TB_CODE (code_name, code_value, code_type,  create_date) VALUES('Czech', 'CS', '02', now());
INSERT INTO TB_CODE (code_name, code_value, code_type,  create_date) VALUES('Welsh', 'CY', '02', now());
INSERT INTO TB_CODE (code_name, code_value, code_type,  create_date) VALUES('Danish', 'DA', '02', now());
INSERT INTO TB_CODE (code_name, code_value, code_type,  create_date) VALUES('German', 'DE', '02', now());
INSERT INTO TB_CODE (code_name, code_value, code_type,  create_date) VALUES('Bhutani', 'DZ', '02', now());
INSERT INTO TB_CODE (code_name, code_value, code_type,  create_date) VALUES('Greek', 'EL', '02', now());
INSERT INTO TB_CODE (code_name, code_value, code_type,  create_date) VALUES('English, American', 'EN', '02', now());
INSERT INTO TB_CODE (code_name, code_value, code_type,  create_date) VALUES('Esperanto', 'EO', '02', now());
INSERT INTO TB_CODE (code_name, code_value, code_type,  create_date) VALUES('Spanish', 'ES', '02', now());
INSERT INTO TB_CODE (code_name, code_value, code_type,  create_date) VALUES('Estonian', 'ET', '02', now());
INSERT INTO TB_CODE (code_name, code_value, code_type,  create_date) VALUES('Basque', 'EU', '02', now());
INSERT INTO TB_CODE (code_name, code_value, code_type,  create_date) VALUES('Persian', 'FA', '02', now());
INSERT INTO TB_CODE (code_name, code_value, code_type,  create_date) VALUES('Finnish', 'FI', '02', now());
INSERT INTO TB_CODE (code_name, code_value, code_type,  create_date) VALUES('Fiji', 'FJ', '02', now());
INSERT INTO TB_CODE (code_name, code_value, code_type,  create_date) VALUES('Faeroese', 'FO', '02', now());
INSERT INTO TB_CODE (code_name, code_value, code_type,  create_date) VALUES('French', 'FR', '02', now());
INSERT INTO TB_CODE (code_name, code_value, code_type,  create_date) VALUES('Frisian', 'FY', '02', now());
INSERT INTO TB_CODE (code_name, code_value, code_type,  create_date) VALUES('Irish', 'GA', '02', now());
INSERT INTO TB_CODE (code_name, code_value, code_type,  create_date) VALUES('Gaelic ("Scots Gaelic")', 'GD', '02', now());
INSERT INTO TB_CODE (code_name, code_value, code_type,  create_date) VALUES('Galician', 'GL', '02', now());
INSERT INTO TB_CODE (code_name, code_value, code_type,  create_date) VALUES('Guarani', 'GN', '02', now());
INSERT INTO TB_CODE (code_name, code_value, code_type,  create_date) VALUES('Gujarati', 'GU', '02', now());
INSERT INTO TB_CODE (code_name, code_value, code_type,  create_date) VALUES('Hausa', 'HA', '02', now());
INSERT INTO TB_CODE (code_name, code_value, code_type,  create_date) VALUES('Hindi', 'HI', '02', now());
INSERT INTO TB_CODE (code_name, code_value, code_type,  create_date) VALUES('Croatian', 'HR', '02', now());
INSERT INTO TB_CODE (code_name, code_value, code_type,  create_date) VALUES('Hungarian', 'HU', '02', now());
INSERT INTO TB_CODE (code_name, code_value, code_type,  create_date) VALUES('Armenian', 'HY', '02', now());
INSERT INTO TB_CODE (code_name, code_value, code_type,  create_date) VALUES('Interlingua', 'IA', '02', now());
INSERT INTO TB_CODE (code_name, code_value, code_type,  create_date) VALUES('Interlingue', 'IE', '02', now());
INSERT INTO TB_CODE (code_name, code_value, code_type,  create_date) VALUES('Inupiak', 'IK', '02', now());
INSERT INTO TB_CODE (code_name, code_value, code_type,  create_date) VALUES('Indonesian', 'IN', '02', now());
INSERT INTO TB_CODE (code_name, code_value, code_type,  create_date) VALUES('Icelandic', 'IS', '02', now());
INSERT INTO TB_CODE (code_name, code_value, code_type,  create_date) VALUES('Italian', 'IT', '02', now());
INSERT INTO TB_CODE (code_name, code_value, code_type,  create_date) VALUES('Hebrew', 'IW', '02', now());
INSERT INTO TB_CODE (code_name, code_value, code_type,  create_date) VALUES('Japanese', 'JA', '02', now());
INSERT INTO TB_CODE (code_name, code_value, code_type,  create_date) VALUES('Yiddish', 'JI', '02', now());
INSERT INTO TB_CODE (code_name, code_value, code_type,  create_date) VALUES('Javanese', 'JW', '02', now());
INSERT INTO TB_CODE (code_name, code_value, code_type,  create_date) VALUES('Georgian', 'KA', '02', now());
INSERT INTO TB_CODE (code_name, code_value, code_type,  create_date) VALUES('Kazakh', 'KK', '02', now());
INSERT INTO TB_CODE (code_name, code_value, code_type,  create_date) VALUES('Greenlandic', 'KL', '02', now());
INSERT INTO TB_CODE (code_name, code_value, code_type,  create_date) VALUES('Cambodian', 'KM', '02', now());
INSERT INTO TB_CODE (code_name, code_value, code_type,  create_date) VALUES('Kannada', 'KN', '02', now());
INSERT INTO TB_CODE (code_name, code_value, code_type,  create_date) VALUES('Korean', 'KO', '02', now());
INSERT INTO TB_CODE (code_name, code_value, code_type,  create_date) VALUES('Kashmiri', 'KS', '02', now());
INSERT INTO TB_CODE (code_name, code_value, code_type,  create_date) VALUES('Kurdish', 'KU', '02', now());
INSERT INTO TB_CODE (code_name, code_value, code_type,  create_date) VALUES('Kirghiz', 'KY', '02', now());
INSERT INTO TB_CODE (code_name, code_value, code_type,  create_date) VALUES('Latin', 'LA', '02', now());
INSERT INTO TB_CODE (code_name, code_value, code_type,  create_date) VALUES('Lingala', 'LN', '02', now());
INSERT INTO TB_CODE (code_name, code_value, code_type,  create_date) VALUES('Laothian', 'LO', '02', now());
INSERT INTO TB_CODE (code_name, code_value, code_type,  create_date) VALUES('Lithuanian', 'LT', '02', now());
INSERT INTO TB_CODE (code_name, code_value, code_type,  create_date) VALUES('Latvian, Lettish', 'LV', '02', now());
INSERT INTO TB_CODE (code_name, code_value, code_type,  create_date) VALUES('Malagasy', 'MG', '02', now());
INSERT INTO TB_CODE (code_name, code_value, code_type,  create_date) VALUES('Maori', 'MI', '02', now());
INSERT INTO TB_CODE (code_name, code_value, code_type,  create_date) VALUES('Macedonian', 'MK', '02', now());
INSERT INTO TB_CODE (code_name, code_value, code_type,  create_date) VALUES('Malayalam', 'ML', '02', now());
INSERT INTO TB_CODE (code_name, code_value, code_type,  create_date) VALUES('Mongolian', 'MN', '02', now());
INSERT INTO TB_CODE (code_name, code_value, code_type,  create_date) VALUES('Moldavian', 'MO', '02', now());
INSERT INTO TB_CODE (code_name, code_value, code_type,  create_date) VALUES('Marathi', 'MR', '02', now());
INSERT INTO TB_CODE (code_name, code_value, code_type,  create_date) VALUES('Malay', 'MS', '02', now());
INSERT INTO TB_CODE (code_name, code_value, code_type,  create_date) VALUES('Maltese', 'MT', '02', now());
INSERT INTO TB_CODE (code_name, code_value, code_type,  create_date) VALUES('Burmese', 'MY', '02', now());
INSERT INTO TB_CODE (code_name, code_value, code_type,  create_date) VALUES('Nauru', 'NA', '02', now());
INSERT INTO TB_CODE (code_name, code_value, code_type,  create_date) VALUES('Nepali', 'NE', '02', now());
INSERT INTO TB_CODE (code_name, code_value, code_type,  create_date) VALUES('Dutch', 'NL', '02', now());
INSERT INTO TB_CODE (code_name, code_value, code_type,  create_date) VALUES('Norwegian', 'NO', '02', now());
INSERT INTO TB_CODE (code_name, code_value, code_type,  create_date) VALUES('Occitan', 'OC', '02', now());
INSERT INTO TB_CODE (code_name, code_value, code_type,  create_date) VALUES('Oromo, Afan', 'OM', '02', now());
INSERT INTO TB_CODE (code_name, code_value, code_type,  create_date) VALUES('Oriya', 'OR', '02', now());
INSERT INTO TB_CODE (code_name, code_value, code_type,  create_date) VALUES('Punjabi', 'PA', '02', now());
INSERT INTO TB_CODE (code_name, code_value, code_type,  create_date) VALUES('Polish', 'PL', '02', now());
INSERT INTO TB_CODE (code_name, code_value, code_type,  create_date) VALUES('Pashto, Pushto', 'PS', '02', now());
INSERT INTO TB_CODE (code_name, code_value, code_type,  create_date) VALUES('Portuguese', 'PT', '02', now());
INSERT INTO TB_CODE (code_name, code_value, code_type,  create_date) VALUES('Quechua', 'QU', '02', now());
INSERT INTO TB_CODE (code_name, code_value, code_type,  create_date) VALUES('Rhaeto-Romance', 'RM', '02', now());
INSERT INTO TB_CODE (code_name, code_value, code_type,  create_date) VALUES('Kirundi', 'RN', '02', now());
INSERT INTO TB_CODE (code_name, code_value, code_type,  create_date) VALUES('Romanian', 'RO', '02', now());
INSERT INTO TB_CODE (code_name, code_value, code_type,  create_date) VALUES('Russian', 'RU', '02', now());
INSERT INTO TB_CODE (code_name, code_value, code_type,  create_date) VALUES('Kinyarwanda', 'RW', '02', now());
INSERT INTO TB_CODE (code_name, code_value, code_type,  create_date) VALUES('Sanskrit', 'SA', '02', now());
INSERT INTO TB_CODE (code_name, code_value, code_type,  create_date) VALUES('Sindhi', 'SD', '02', now());
INSERT INTO TB_CODE (code_name, code_value, code_type,  create_date) VALUES('Sangro', 'SG', '02', now());
INSERT INTO TB_CODE (code_name, code_value, code_type,  create_date) VALUES('Serbo-Croatian', 'SH', '02', now());
INSERT INTO TB_CODE (code_name, code_value, code_type,  create_date) VALUES('Singhalese', 'SI', '02', now());
INSERT INTO TB_CODE (code_name, code_value, code_type,  create_date) VALUES('Slovak', 'SK', '02', now());
INSERT INTO TB_CODE (code_name, code_value, code_type,  create_date) VALUES('Slovenian', 'SL', '02', now());
INSERT INTO TB_CODE (code_name, code_value, code_type,  create_date) VALUES('Samoan', 'SM', '02', now());
INSERT INTO TB_CODE (code_name, code_value, code_type,  create_date) VALUES('Shona', 'SN', '02', now());
INSERT INTO TB_CODE (code_name, code_value, code_type,  create_date) VALUES('Somali', 'SO', '02', now());
INSERT INTO TB_CODE (code_name, code_value, code_type,  create_date) VALUES('Albanian', 'SQ', '02', now());
INSERT INTO TB_CODE (code_name, code_value, code_type,  create_date) VALUES('Serbian', 'SR', '02', now());
INSERT INTO TB_CODE (code_name, code_value, code_type,  create_date) VALUES('Siswati', 'SS', '02', now());
INSERT INTO TB_CODE (code_name, code_value, code_type,  create_date) VALUES('Sesotho', 'ST', '02', now());
INSERT INTO TB_CODE (code_name, code_value, code_type,  create_date) VALUES('Sudanese', 'SU', '02', now());
INSERT INTO TB_CODE (code_name, code_value, code_type,  create_date) VALUES('Swedish', 'SV', '02', now());
INSERT INTO TB_CODE (code_name, code_value, code_type,  create_date) VALUES('Swahili', 'SW', '02', now());
INSERT INTO TB_CODE (code_name, code_value, code_type,  create_date) VALUES('Tamil', 'TA', '02', now());
INSERT INTO TB_CODE (code_name, code_value, code_type,  create_date) VALUES('Tegulu', 'TE', '02', now());
INSERT INTO TB_CODE (code_name, code_value, code_type,  create_date) VALUES('Tajik', 'TG', '02', now());
INSERT INTO TB_CODE (code_name, code_value, code_type,  create_date) VALUES('Thai', 'TH', '02', now());
INSERT INTO TB_CODE (code_name, code_value, code_type,  create_date) VALUES('Tigrinya', 'TI', '02', now());
INSERT INTO TB_CODE (code_name, code_value, code_type,  create_date) VALUES('Turkmen', 'TK', '02', now());
INSERT INTO TB_CODE (code_name, code_value, code_type,  create_date) VALUES('Tagalog', 'TL', '02', now());
INSERT INTO TB_CODE (code_name, code_value, code_type,  create_date) VALUES('Setswana', 'TN', '02', now());
INSERT INTO TB_CODE (code_name, code_value, code_type,  create_date) VALUES('Tonga', 'TO', '02', now());
INSERT INTO TB_CODE (code_name, code_value, code_type,  create_date) VALUES('Turkish', 'TR', '02', now());
INSERT INTO TB_CODE (code_name, code_value, code_type,  create_date) VALUES('Tsonga', 'TS', '02', now());
INSERT INTO TB_CODE (code_name, code_value, code_type,  create_date) VALUES('Tatar', 'TT', '02', now());
INSERT INTO TB_CODE (code_name, code_value, code_type,  create_date) VALUES('Twi', 'TW', '02', now());
INSERT INTO TB_CODE (code_name, code_value, code_type,  create_date) VALUES('Ukrainian', 'UK', '02', now());
INSERT INTO TB_CODE (code_name, code_value, code_type,  create_date) VALUES('Urdu', 'UR', '02', now());
INSERT INTO TB_CODE (code_name, code_value, code_type,  create_date) VALUES('Uzbek', 'UZ', '02', now());
INSERT INTO TB_CODE (code_name, code_value, code_type,  create_date) VALUES('Vietnamese', 'VI', '02', now());
INSERT INTO TB_CODE (code_name, code_value, code_type,  create_date) VALUES('Volapuk', 'VO', '02', now());
INSERT INTO TB_CODE (code_name, code_value, code_type,  create_date) VALUES('Wolof', 'WO', '02', now());
INSERT INTO TB_CODE (code_name, code_value, code_type,  create_date) VALUES('Xhosa', 'XH', '02', now());
INSERT INTO TB_CODE (code_name, code_value, code_type,  create_date) VALUES('Yoruba', 'YO', '02', now());
INSERT INTO TB_CODE (code_name, code_value, code_type,  create_date) VALUES('Chinese', 'ZH', '02', now());
INSERT INTO TB_CODE (code_name, code_value, code_type,  create_date) VALUES('Zulu', 'ZU', '02', now());








INSERT INTO `test`.`TB_BOARD_CATEGORY` (`board_category_id`, `board_category_name`) VALUES ('1', 'dev');
INSERT INTO `test`.`TB_BOARD_CATEGORY` (`board_category_id`, `board_category_name`) VALUES ('2', 'trip');
INSERT INTO `test`.`TB_BOARD_CATEGORY` (`board_category_id`, `board_category_name`) VALUES ('3', 'baseball');
